txn_id,acct_no,txn_amt_pence,txn_ccy,txn_type,txn_ts,merchant_nm,mcc_code,_loaded_at
500001,1096,-25452,USD,direct_debit,2025-12-11 01:02:00,John Lewis,6034,2026-08-10 16:00:00
500002,1005,-6727,GBP,card_purchase,2026-06-07 07:23:00,TfL,5819,2026-08-10 16:00:00
500003,1002,-10266,EUR,direct_debit,2025-08-06 19:34:00,Amazon UK,7334,2026-08-10 19:00:00
500004,1044,21682,GBP,transfer_in,2025-09-25 01:35:00,,,2026-08-10 17:00:00
500005,1123,-32128,GBP,direct_debit,2026-03-01 03:15:00,Deliveroo,5558,2026-08-10 22:00:00
500006,1031,-15058,GBP,card_purchase,2025-09-21 02:02:00,Spotify,5781,2026-08-10 17:00:00
500007,1013,-29226,USD,direct_debit,2025-07-17 03:15:00,Shell,6637,2026-08-10 23:00:00
500008,1006,-28375,GBP,card_purchase,2026-02-25 22:42:00,Shell,6411,2026-08-10 17:00:00
500009,1073,-40093,GBP,card_purchase,2025-08-26 18:50:00,Sainsburys,7949,2026-08-10 20:00:00
500010,1064,-16794,GBP,card_purchase,2025-10-16 19:46:00,TfL,6456,2026-08-10 23:00:00
500011,1116,-4990,EUR,card_purchase,2025-12-15 14:17:00,TfL,6826,2026-08-10 19:00:00
500012,1082,-19949,GBP,card_purchase,2026-01-05 01:44:00,Pret A Manger,6986,2026-08-10 16:00:00
500013,1014,-19540,USD,card_purchase,2026-04-11 11:24:00,Spotify,6620,2026-08-10 23:00:00
500014,1107,-3364,EUR,card_purchase,2025-09-07 11:43:00,Boots,7445,2026-08-10 19:00:00
500015,1100,-41871,EUR,card_purchase,2026-04-15 04:09:00,Pret A Manger,7954,2026-08-10 19:00:00
500016,1087,9113,GBP,transfer_in,2025-07-20 00:11:00,,,2026-08-10 22:00:00
500017,1116,-29039,EUR,card_purchase,2025-09-23 03:58:00,Tesco,7784,2026-08-10 18:00:00
500018,1094,-27380,GBP,card_purchase,2026-06-04 21:02:00,Shell,6233,2026-08-10 21:00:00
500019,1101,-18010,EUR,card_purchase,2025-11-07 12:27:00,Shell,6463,2026-08-10 16:00:00
500020,1104,-7697,EUR,card_purchase,2026-03-12 00:05:00,TfL,5719,2026-08-10 21:00:00
500021,1097,-26194,USD,transfer_out,2026-04-17 02:14:00,,,2026-08-10 18:00:00
500022,1012,-29954,GBP,card_purchase,2026-01-20 23:44:00,Netflix,6484,2026-08-10 17:00:00
500023,1106,-31048,GBP,transfer_out,2025-09-18 12:54:00,,,2026-08-10 23:00:00
500024,1080,42594,GBP,transfer_in,2025-10-27 13:02:00,,,2026-08-10 22:00:00
500025,1082,7796,GBP,transfer_in,2025-12-16 01:41:00,,,2026-08-10 21:00:00
500026,1006,-15537,GBP,card_purchase,2026-07-22 14:29:00,Deliveroo,5966,2026-08-10 17:00:00
500027,1059,-35552,EUR,transfer_out,2026-02-02 02:13:00,,,2026-08-10 17:00:00
500028,1076,-43070,GBP,direct_debit,2025-07-26 00:51:00,Amazon UK,7415,2026-08-10 17:00:00
500029,1121,-29207,GBP,card_purchase,2026-03-20 22:16:00,TfL,6378,2026-08-10 18:00:00
500030,1013,-42409,USD,direct_debit,2025-08-24 12:26:00,Netflix,5659,2026-08-10 17:00:00
500031,1036,-6157,GBP,direct_debit,2026-05-05 20:06:00,John Lewis,6279,2026-08-10 23:00:00
500032,1007,-13598,EUR,transfer_out,2026-02-21 16:52:00,,,2026-08-10 22:00:00
500033,1107,15419,EUR,transfer_in,2025-07-15 06:47:00,,,2026-08-10 18:00:00
500034,1100,-9632,EUR,card_purchase,2026-05-27 05:00:00,Shell,7623,2026-08-10 19:00:00
500035,1103,-8787,EUR,direct_debit,2026-05-13 20:18:00,Tesco,6878,2026-08-10 20:00:00
500036,1076,-8457,GBP,card_purchase,2026-02-26 23:49:00,Spotify,7135,2026-08-10 22:00:00
500037,1096,-33785,USD,transfer_out,2026-07-09 08:32:00,,,2026-08-10 22:00:00
500038,1058,-43331,GBP,card_purchase,2025-11-26 16:21:00,Deliveroo,6646,2026-08-10 16:00:00
500039,1083,-28086,USD,direct_debit,2026-07-26 22:30:00,John Lewis,5853,2026-08-10 16:00:00
500040,1092,-40015,GBP,card_purchase,2025-12-26 21:03:00,Shell,5680,2026-08-10 21:00:00
500041,1036,-21461,GBP,card_purchase,2025-09-25 03:23:00,Sainsburys,7857,2026-08-10 19:00:00
500042,1059,-7648,EUR,card_purchase,2025-11-25 04:33:00,John Lewis,7669,2026-08-10 20:00:00
500043,1056,-29870,GBP,card_purchase,2025-12-22 16:34:00,Sainsburys,7114,2026-08-10 22:00:00
500044,1041,-10153,USD,card_purchase,2026-01-04 13:18:00,John Lewis,7353,2026-08-10 22:00:00
500045,1012,-24571,GBP,card_purchase,2026-06-28 21:33:00,Shell,7689,2026-08-10 23:00:00
500046,1076,-27072,GBP,transfer_out,2025-10-27 06:39:00,,,2026-08-10 18:00:00
500047,1112,-3521,USD,direct_debit,2025-09-04 10:05:00,Uber,7870,2026-08-10 19:00:00
500048,1046,-43189,EUR,card_purchase,2026-06-18 05:28:00,TfL,6329,2026-08-10 22:00:00
500049,1045,-37774,GBP,transfer_out,2025-10-30 12:53:00,,,2026-08-10 20:00:00
500050,1104,-40361,EUR,direct_debit,2026-01-03 06:11:00,John Lewis,7691,2026-08-10 23:00:00
500051,1078,-18059,EUR,card_purchase,2025-09-08 01:43:00,Spotify,6676,2026-08-10 18:00:00
500052,1045,-43229,GBP,card_purchase,2026-08-07 18:05:00,Sainsburys,5696,2026-08-10 21:00:00
500053,1095,-14248,USD,transfer_out,2025-09-20 23:55:00,,,2026-08-10 17:00:00
500054,1054,-21408,EUR,card_purchase,2025-12-21 13:50:00,Boots,7853,2026-08-10 22:00:00
500055,1114,-3411,USD,transfer_out,2026-07-15 19:50:00,,,2026-08-10 22:00:00
500056,1035,-29119,GBP,card_purchase,2025-12-27 02:33:00,Sainsburys,6529,2026-08-10 20:00:00
500057,1097,-18712,USD,card_purchase,2025-11-21 20:38:00,John Lewis,7840,2026-08-10 16:00:00
500058,1068,-39427,GBP,card_purchase,2025-09-03 14:58:00,Tesco,5442,2026-08-10 20:00:00
500059,1039,-21653,GBP,card_purchase,2026-04-24 19:12:00,Amazon UK,5442,2026-08-10 16:00:00
500060,1096,-15230,USD,card_purchase,2026-01-02 18:52:00,Deliveroo,7699,2026-08-10 18:00:00
500061,1010,-30280,GBP,card_purchase,2026-01-19 00:58:00,Amazon UK,6693,2026-08-10 17:00:00
500062,1074,-7698,EUR,card_purchase,2026-01-15 01:20:00,Sainsburys,5496,2026-08-10 18:00:00
500063,1022,-23864,GBP,transfer_out,2025-09-28 09:07:00,,,2026-08-10 22:00:00
500064,1056,34488,GBP,transfer_in,2026-06-17 16:33:00,,,2026-08-10 22:00:00
500065,1051,-11168,GBP,card_purchase,2026-03-05 00:39:00,Amazon UK,7501,2026-08-10 22:00:00
500066,1068,-23159,GBP,transfer_out,2025-11-22 17:03:00,,,2026-08-10 21:00:00
500067,1031,-39628,GBP,card_purchase,2026-06-19 19:44:00,Shell,5719,2026-08-10 21:00:00
500068,1122,-37094,EUR,card_purchase,2025-07-11 03:29:00,Boots,7249,2026-08-10 18:00:00
500069,1111,-30881,GBP,card_purchase,2025-09-23 13:51:00,TfL,7997,2026-08-10 19:00:00
500070,1102,-5012,GBP,card_purchase,2026-03-23 05:57:00,Uber,7302,2026-08-10 16:00:00
500071,1005,-42398,GBP,card_purchase,2026-07-12 12:07:00,Amazon UK,7930,2026-08-10 17:00:00
500072,1060,-2838,GBP,transfer_out,2025-10-17 06:10:00,,,2026-08-10 16:00:00
500073,1117,-31320,GBP,card_purchase,2025-10-22 03:48:00,Deliveroo,6028,2026-08-10 23:00:00
500074,1058,-42494,GBP,card_purchase,2026-06-19 13:15:00,Shell,5571,2026-08-10 20:00:00
500075,1091,-10553,GBP,card_purchase,2025-12-29 09:27:00,Netflix,6938,2026-08-10 19:00:00
500076,1050,41495,EUR,transfer_in,2026-01-13 13:17:00,,,2026-08-10 18:00:00
500077,1009,-18771,GBP,transfer_out,2026-02-23 20:25:00,,,2026-08-10 19:00:00
500078,1093,-5491,USD,card_purchase,2025-09-08 04:05:00,Boots,5990,2026-08-10 18:00:00
500079,1040,-39146,GBP,card_purchase,2025-09-09 01:18:00,Spotify,5758,2026-08-10 19:00:00
500080,1072,-8525,EUR,card_purchase,2026-01-30 03:10:00,John Lewis,7567,2026-08-10 22:00:00
500081,1083,-23913,USD,card_purchase,2025-09-01 10:28:00,Uber,6149,2026-08-10 20:00:00
500082,1044,-9165,GBP,card_purchase,2025-07-14 08:48:00,Shell,5727,2026-08-10 19:00:00
500083,1109,-34656,GBP,card_purchase,2026-06-20 07:11:00,Tesco,6790,2026-08-10 21:00:00
500084,1077,-41092,USD,card_purchase,2026-01-30 19:50:00,Shell,7203,2026-08-10 23:00:00
500085,1053,-29261,GBP,card_purchase,2026-02-05 02:14:00,Boots,6578,2026-08-10 16:00:00
500086,1030,30887,EUR,refund,2025-11-10 16:41:00,Pret A Manger,6917,2026-08-10 16:00:00
500087,1060,-34717,GBP,card_purchase,2025-07-13 14:11:00,Sainsburys,6074,2026-08-10 20:00:00
500088,1103,-42170,EUR,card_purchase,2025-10-05 19:05:00,TfL,6931,2026-08-10 22:00:00
500089,1092,-10656,GBP,card_purchase,2025-11-19 20:42:00,Uber,7251,2026-08-10 21:00:00
500090,1107,-29715,EUR,card_purchase,2025-12-30 21:02:00,Netflix,5520,2026-08-10 17:00:00
500091,1007,-5498,EUR,card_purchase,2026-01-20 07:37:00,Netflix,6330,2026-08-10 23:00:00
500092,1041,-9721,USD,card_purchase,2026-06-21 01:19:00,Shell,5567,2026-08-10 19:00:00
500093,1118,-30893,USD,card_purchase,2025-12-12 01:07:00,TfL,7931,2026-08-10 23:00:00
500094,1116,-9948,EUR,card_purchase,2026-07-01 23:44:00,Deliveroo,7904,2026-08-10 17:00:00
500095,1015,-3279,EUR,card_purchase,2025-07-09 14:45:00,Pret A Manger,7130,2026-08-10 16:00:00
500096,1009,-41565,GBP,card_purchase,2026-06-15 08:22:00,Deliveroo,7766,2026-08-10 20:00:00
500097,1092,-23272,GBP,card_purchase,2026-05-29 14:33:00,Pret A Manger,7748,2026-08-10 17:00:00
500098,1024,-23782,GBP,card_purchase,2025-09-04 02:55:00,Amazon UK,7565,2026-08-10 23:00:00
500099,1050,-24614,EUR,card_purchase,2025-12-13 22:20:00,Uber,5477,2026-08-10 18:00:00
500100,1101,-41323,EUR,transfer_out,2026-07-07 12:45:00,,,2026-08-10 22:00:00
500101,1099,-3055,GBP,card_purchase,2025-10-17 00:12:00,Netflix,7647,2026-08-10 18:00:00
500102,1105,-30599,GBP,transfer_out,2025-09-15 18:07:00,,,2026-08-10 16:00:00
500103,1081,-30144,GBP,transfer_out,2026-05-09 19:56:00,,,2026-08-10 23:00:00
500104,1038,-2896,USD,card_purchase,2026-04-29 22:10:00,Netflix,6681,2026-08-10 17:00:00
500105,1105,-42545,GBP,card_purchase,2025-11-05 08:44:00,Pret A Manger,6582,2026-08-10 18:00:00
500106,1111,18055,GBP,transfer_in,2025-07-07 22:05:00,,,2026-08-10 22:00:00
500107,1103,-28968,EUR,card_purchase,2026-02-03 10:04:00,Sainsburys,6799,2026-08-10 21:00:00
500108,1064,-34181,GBP,direct_debit,2025-08-21 08:37:00,Uber,5749,2026-08-10 17:00:00
500109,1011,-19402,USD,card_purchase,2026-01-02 04:08:00,Netflix,5831,2026-08-10 22:00:00
500110,1042,-28075,GBP,card_purchase,2025-09-06 14:41:00,Shell,7229,2026-08-10 18:00:00
500111,1058,-40444,GBP,direct_debit,2026-07-20 00:05:00,Sainsburys,6535,2026-08-10 23:00:00
500112,1010,-44675,GBP,card_purchase,2025-09-01 03:35:00,Shell,5538,2026-08-10 21:00:00
500113,1109,-8422,GBP,card_purchase,2025-10-03 02:10:00,Amazon UK,6377,2026-08-10 18:00:00
500114,1047,44653,EUR,transfer_in,2026-01-26 05:58:00,,,2026-08-10 16:00:00
500115,1122,-37762,EUR,transfer_out,2026-02-02 12:32:00,,,2026-08-10 21:00:00
500116,1068,16508,GBP,transfer_in,2026-02-04 11:40:00,,,2026-08-10 22:00:00
500117,1004,-36959,GBP,card_purchase,2025-07-30 18:29:00,Amazon UK,6483,2026-08-10 19:00:00
500118,1091,-32341,GBP,card_purchase,2025-12-25 17:21:00,Pret A Manger,5913,2026-08-10 21:00:00
500119,1110,-29320,EUR,direct_debit,2026-07-04 09:49:00,Amazon UK,6720,2026-08-10 18:00:00
500120,1091,-19807,GBP,card_purchase,2026-07-08 06:26:00,Shell,6124,2026-08-10 18:00:00
500121,1066,-15664,USD,direct_debit,2026-04-18 20:48:00,TfL,5518,2026-08-10 18:00:00
500122,1071,-36302,GBP,direct_debit,2025-10-21 12:31:00,Shell,7917,2026-08-10 22:00:00
500123,1009,-34601,GBP,transfer_out,2026-03-05 11:15:00,,,2026-08-10 17:00:00
500124,1099,-20926,GBP,card_purchase,2026-01-13 05:56:00,John Lewis,5714,2026-08-10 16:00:00
500125,1060,-36280,GBP,card_purchase,2025-08-27 07:38:00,John Lewis,7818,2026-08-10 21:00:00
500126,1099,-3781,GBP,direct_debit,2026-06-05 10:28:00,Amazon UK,7533,2026-08-10 21:00:00
500127,1039,-14926,GBP,direct_debit,2026-05-18 18:40:00,Netflix,7536,2026-08-10 19:00:00
500128,1109,36249,GBP,transfer_in,2026-07-01 15:48:00,,,2026-08-10 19:00:00
500129,1017,-33086,EUR,card_purchase,2025-09-24 14:21:00,John Lewis,6101,2026-08-10 21:00:00
500130,1022,-22276,GBP,direct_debit,2025-09-07 04:14:00,Boots,5579,2026-08-10 23:00:00
500131,1011,42822,USD,transfer_in,2026-07-18 03:11:00,,,2026-08-10 20:00:00
500132,1099,32789,GBP,transfer_in,2025-10-22 10:21:00,,,2026-08-10 19:00:00
500133,1083,-26763,USD,direct_debit,2026-03-09 08:45:00,Uber,7268,2026-08-10 22:00:00
500134,1089,-30587,USD,card_purchase,2026-07-11 18:32:00,Pret A Manger,6804,2026-08-10 21:00:00
500135,1041,22784,USD,refund,2025-08-08 13:14:00,Sainsburys,5946,2026-08-10 18:00:00
500136,1066,-8179,USD,card_purchase,2025-10-27 20:40:00,Uber,7252,2026-08-10 20:00:00
500137,1019,-40479,GBP,direct_debit,2026-06-22 22:42:00,Sainsburys,6427,2026-08-10 21:00:00
500138,1105,-10592,GBP,card_purchase,2026-02-24 05:14:00,TfL,7519,2026-08-10 16:00:00
500139,1064,-25921,GBP,card_purchase,2026-03-06 08:59:00,Deliveroo,7283,2026-08-10 20:00:00
500140,1028,-32583,EUR,card_purchase,2025-10-16 12:57:00,Boots,7338,2026-08-10 19:00:00
500141,1069,-17482,GBP,card_purchase,2026-08-06 20:33:00,Spotify,6909,2026-08-10 17:00:00
500142,1047,12906,EUR,transfer_in,2026-07-18 11:57:00,,,2026-08-10 18:00:00
500143,1071,-36185,GBP,card_purchase,2026-03-16 21:36:00,Uber,7963,2026-08-10 22:00:00
500144,1017,-22372,EUR,direct_debit,2026-06-22 11:37:00,Deliveroo,6908,2026-08-10 21:00:00
500145,1026,-3119,GBP,card_purchase,2025-10-06 07:35:00,Tesco,5972,2026-08-10 18:00:00
500146,1103,-33934,EUR,card_purchase,2025-12-11 07:31:00,Shell,6754,2026-08-10 18:00:00
500147,1021,-39060,EUR,direct_debit,2026-01-21 04:13:00,Netflix,7488,2026-08-10 16:00:00
500148,1091,-24290,GBP,direct_debit,2025-10-26 14:30:00,Netflix,5859,2026-08-10 17:00:00
500149,1075,-1896,GBP,transfer_out,2026-03-06 00:05:00,,,2026-08-10 16:00:00
500150,1034,-3515,GBP,card_purchase,2025-09-09 05:24:00,Boots,7378,2026-08-10 21:00:00
500151,1068,-25066,GBP,transfer_out,2025-09-22 00:21:00,,,2026-08-10 21:00:00
500152,1106,7352,GBP,transfer_in,2025-08-27 16:58:00,,,2026-08-10 20:00:00
500153,1003,-13512,GBP,card_purchase,2025-12-28 13:34:00,Sainsburys,7466,2026-08-10 16:00:00
500154,1112,-34142,USD,transfer_out,2025-07-30 00:57:00,,,2026-08-10 20:00:00
500155,1072,-20712,EUR,card_purchase,2026-02-25 02:30:00,Shell,7293,2026-08-10 18:00:00
500156,1070,-44763,GBP,direct_debit,2026-02-10 02:11:00,John Lewis,6493,2026-08-10 16:00:00
500157,1025,-19654,EUR,card_purchase,2026-04-06 15:25:00,Uber,6260,2026-08-10 16:00:00
500158,1041,-18071,USD,direct_debit,2025-12-08 12:25:00,Uber,5910,2026-08-10 17:00:00
500159,1115,-19185,USD,direct_debit,2026-01-20 12:11:00,Tesco,6589,2026-08-10 22:00:00
500160,1045,-14173,GBP,transfer_out,2025-12-27 03:44:00,,,2026-08-10 20:00:00
500161,1106,17950,GBP,transfer_in,2025-11-08 15:01:00,,,2026-08-10 21:00:00
500162,1014,-3476,USD,card_purchase,2025-09-29 00:23:00,John Lewis,7586,2026-08-10 20:00:00
500163,1082,-31109,GBP,card_purchase,2026-04-13 22:54:00,Amazon UK,5974,2026-08-10 23:00:00
500164,1071,-31325,GBP,direct_debit,2026-05-22 10:19:00,TfL,6227,2026-08-10 19:00:00
500165,1042,-6012,GBP,direct_debit,2026-03-17 03:57:00,John Lewis,7762,2026-08-10 20:00:00
500166,1069,-11623,GBP,direct_debit,2025-07-28 00:06:00,Sainsburys,6131,2026-08-10 23:00:00
500167,1108,-19120,USD,direct_debit,2026-01-19 08:49:00,Tesco,5448,2026-08-10 19:00:00
500168,1073,18799,GBP,refund,2025-10-06 20:01:00,TfL,7636,2026-08-10 16:00:00
500169,1114,-7532,USD,card_purchase,2026-06-03 07:31:00,Netflix,6076,2026-08-10 16:00:00
500170,1083,-22242,USD,card_purchase,2026-04-01 01:49:00,Uber,7736,2026-08-10 20:00:00
500171,1023,-28179,USD,card_purchase,2025-10-02 03:03:00,Deliveroo,6754,2026-08-10 22:00:00
500172,1052,31440,EUR,refund,2025-09-02 20:49:00,Netflix,6427,2026-08-10 23:00:00
500173,1034,-21752,GBP,transfer_out,2026-01-26 16:32:00,,,2026-08-10 19:00:00
500174,1075,-23713,GBP,card_purchase,2025-08-05 06:00:00,Spotify,6378,2026-08-10 23:00:00
500175,1086,-33083,GBP,card_purchase,2026-06-11 09:41:00,Spotify,6684,2026-08-10 22:00:00
500176,1082,-8903,GBP,card_purchase,2026-03-12 12:21:00,TfL,6038,2026-08-10 16:00:00
500177,1096,-31006,USD,transfer_out,2025-10-04 12:34:00,,,2026-08-10 20:00:00
500178,1098,5515,EUR,transfer_in,2026-04-06 02:12:00,,,2026-08-10 16:00:00
500179,1068,-7503,GBP,direct_debit,2025-08-15 12:56:00,Tesco,7654,2026-08-10 20:00:00
500180,1074,-34251,EUR,card_purchase,2025-11-09 19:50:00,TfL,5887,2026-08-10 20:00:00
500181,1092,-29345,GBP,direct_debit,2025-10-16 08:55:00,Tesco,7268,2026-08-10 21:00:00
500182,1066,-30452,USD,card_purchase,2026-01-10 09:24:00,John Lewis,6673,2026-08-10 23:00:00
500183,1051,-4936,GBP,card_purchase,2026-04-02 23:13:00,Tesco,7146,2026-08-10 18:00:00
500184,1090,-4673,GBP,direct_debit,2026-07-09 06:57:00,TfL,5540,2026-08-10 19:00:00
500185,1053,42478,GBP,transfer_in,2026-05-10 19:11:00,,,2026-08-10 17:00:00
500186,1048,-24889,GBP,direct_debit,2026-01-27 09:05:00,Sainsburys,5739,2026-08-10 21:00:00
500187,1084,25909,GBP,refund,2026-02-13 20:49:00,Deliveroo,5932,2026-08-10 20:00:00
500188,1107,-35830,EUR,card_purchase,2026-08-09 23:41:00,Sainsburys,7589,2026-08-10 17:00:00
500189,1106,-18214,GBP,card_purchase,2026-04-15 16:31:00,Pret A Manger,5873,2026-08-10 23:00:00
500190,1104,-1175,EUR,transfer_out,2025-09-06 10:21:00,,,2026-08-10 20:00:00
500191,1027,-39326,EUR,card_purchase,2026-07-07 20:22:00,John Lewis,5610,2026-08-10 20:00:00
500192,1095,-14388,USD,card_purchase,2026-07-19 11:32:00,Tesco,5984,2026-08-10 19:00:00
500193,1030,44225,EUR,transfer_in,2025-08-01 05:40:00,,,2026-08-10 18:00:00
500194,1031,-27253,GBP,card_purchase,2026-03-09 19:18:00,Uber,6538,2026-08-10 23:00:00
500195,1072,-44632,EUR,card_purchase,2025-10-12 00:02:00,Sainsburys,7687,2026-08-10 16:00:00
500196,1007,-34521,EUR,card_purchase,2026-02-15 03:18:00,Netflix,7116,2026-08-10 17:00:00
500197,1020,-31182,GBP,transfer_out,2026-03-10 11:49:00,,,2026-08-10 20:00:00
500198,1109,-30494,GBP,transfer_out,2026-04-17 14:06:00,,,2026-08-10 23:00:00
500199,1072,-25605,EUR,card_purchase,2026-01-11 10:25:00,Pret A Manger,6455,2026-08-10 20:00:00
500200,1043,-24468,GBP,card_purchase,2025-09-13 21:01:00,Amazon UK,7604,2026-08-10 20:00:00
500201,1007,2741,EUR,transfer_in,2026-03-26 11:17:00,,,2026-08-10 22:00:00
500202,1025,-14372,EUR,transfer_out,2025-07-17 05:14:00,,,2026-08-10 16:00:00
500203,1027,-12603,EUR,card_purchase,2026-02-21 14:02:00,Spotify,5891,2026-08-10 16:00:00
500204,1118,-26143,USD,transfer_out,2026-04-08 01:22:00,,,2026-08-10 20:00:00
500205,1071,-42664,GBP,card_purchase,2026-02-27 14:36:00,Netflix,6674,2026-08-10 19:00:00
500206,1047,-30918,EUR,card_purchase,2025-11-21 08:31:00,Netflix,6243,2026-08-10 18:00:00
500207,1041,-9713,USD,direct_debit,2026-01-11 22:24:00,Tesco,6479,2026-08-10 17:00:00
500208,1038,-37491,USD,card_purchase,2026-05-24 17:39:00,Pret A Manger,7456,2026-08-10 18:00:00
500209,1033,32301,GBP,transfer_in,2025-07-16 08:14:00,,,2026-08-10 16:00:00
500210,1022,-35968,GBP,card_purchase,2025-07-31 12:50:00,TfL,6164,2026-08-10 23:00:00
500211,1068,568,GBP,transfer_in,2026-07-24 21:08:00,,,2026-08-10 17:00:00
500212,1018,-749,GBP,transfer_out,2025-09-22 16:56:00,,,2026-08-10 20:00:00
500213,1065,43846,GBP,transfer_in,2025-12-20 12:57:00,,,2026-08-10 16:00:00
500214,1085,-27107,GBP,card_purchase,2025-12-05 00:00:00,Tesco,5479,2026-08-10 19:00:00
500215,1069,-44323,GBP,direct_debit,2026-03-17 23:28:00,Sainsburys,6145,2026-08-10 22:00:00
500216,1118,-40767,USD,card_purchase,2026-06-22 07:51:00,Deliveroo,6444,2026-08-10 18:00:00
500217,1035,30230,GBP,refund,2026-01-19 21:37:00,Boots,6407,2026-08-10 20:00:00
500218,1039,42741,GBP,refund,2025-08-25 21:19:00,Tesco,5793,2026-08-10 17:00:00
500219,1049,-769,USD,card_purchase,2026-01-29 06:30:00,Spotify,6112,2026-08-10 22:00:00
500220,1064,-6399,GBP,card_purchase,2025-12-31 03:10:00,Deliveroo,5585,2026-08-10 20:00:00
500221,1028,-5022,EUR,card_purchase,2025-08-21 05:30:00,John Lewis,6559,2026-08-10 23:00:00
500222,1023,26252,USD,transfer_in,2026-03-02 23:47:00,,,2026-08-10 22:00:00
500223,1039,25653,GBP,transfer_in,2026-05-19 05:45:00,,,2026-08-10 18:00:00
500224,1050,-5289,EUR,direct_debit,2025-07-20 00:52:00,Deliveroo,6827,2026-08-10 23:00:00
500225,1013,-39810,USD,card_purchase,2025-12-30 16:07:00,Boots,7850,2026-08-10 17:00:00
500226,1100,-29677,EUR,card_purchase,2026-02-24 23:20:00,TfL,6345,2026-08-10 18:00:00
500227,1071,-43447,GBP,transfer_out,2026-01-30 10:49:00,,,2026-08-10 17:00:00
500228,1011,-4967,USD,direct_debit,2025-07-11 04:42:00,Amazon UK,6508,2026-08-10 21:00:00
500229,1049,-20903,USD,transfer_out,2025-08-11 03:51:00,,,2026-08-10 18:00:00
500230,1014,-17829,USD,card_purchase,2026-06-25 23:41:00,Amazon UK,5953,2026-08-10 22:00:00
500231,1024,26891,GBP,transfer_in,2026-01-02 09:25:00,,,2026-08-10 22:00:00
500232,1004,-39343,GBP,card_purchase,2026-06-26 12:25:00,Netflix,6988,2026-08-10 23:00:00
500233,1038,-36819,USD,card_purchase,2026-01-11 11:11:00,Pret A Manger,7753,2026-08-10 21:00:00
500234,1088,-17740,GBP,card_purchase,2026-01-28 18:52:00,TfL,6008,2026-08-10 22:00:00
500235,1022,-5191,GBP,card_purchase,2025-12-31 15:34:00,Netflix,6441,2026-08-10 20:00:00
500236,1093,30156,USD,transfer_in,2025-09-24 08:22:00,,,2026-08-10 22:00:00
500237,1018,-40794,GBP,card_purchase,2026-03-08 23:35:00,Sainsburys,6760,2026-08-10 16:00:00
500238,1043,-21165,GBP,card_purchase,2026-01-02 03:22:00,Boots,6233,2026-08-10 16:00:00
500239,1041,-41627,USD,card_purchase,2026-05-12 11:40:00,TfL,7769,2026-08-10 20:00:00
500240,1042,-24071,GBP,transfer_out,2026-01-30 15:08:00,,,2026-08-10 22:00:00
500241,1120,11941,USD,refund,2025-10-26 17:23:00,John Lewis,7664,2026-08-10 23:00:00
500242,1122,-19242,EUR,card_purchase,2025-08-03 09:15:00,Spotify,5694,2026-08-10 17:00:00
500243,1087,-16709,GBP,card_purchase,2025-11-28 19:20:00,John Lewis,6042,2026-08-10 17:00:00
500244,1102,31557,GBP,refund,2026-01-29 21:32:00,Boots,7052,2026-08-10 17:00:00
500245,1070,-35336,GBP,direct_debit,2026-07-23 12:16:00,Boots,5759,2026-08-10 22:00:00
500246,1099,-42551,GBP,card_purchase,2026-04-05 02:18:00,Boots,5592,2026-08-10 17:00:00
500247,1097,-17106,USD,card_purchase,2026-02-22 10:54:00,Pret A Manger,7502,2026-08-10 20:00:00
500248,1058,-38723,GBP,transfer_out,2026-01-31 11:31:00,,,2026-08-10 21:00:00
500249,1045,-5776,GBP,card_purchase,2026-07-29 08:54:00,Amazon UK,5991,2026-08-10 18:00:00
500250,1040,-31799,GBP,card_purchase,2026-02-16 09:10:00,Netflix,7361,2026-08-10 22:00:00
500251,1057,-19828,GBP,card_purchase,2025-08-06 01:32:00,Tesco,5882,2026-08-10 23:00:00
500252,1109,-10921,GBP,transfer_out,2026-02-16 03:54:00,,,2026-08-10 20:00:00
500253,1067,-28092,GBP,card_purchase,2026-05-13 06:50:00,TfL,6360,2026-08-10 17:00:00
500254,1081,26074,GBP,transfer_in,2026-05-08 18:20:00,,,2026-08-10 23:00:00
500255,1095,25632,USD,transfer_in,2025-09-30 17:32:00,,,2026-08-10 23:00:00
500256,1091,-4250,GBP,transfer_out,2026-04-23 17:43:00,,,2026-08-10 22:00:00
500257,1103,-30136,EUR,card_purchase,2025-11-09 18:37:00,Amazon UK,6485,2026-08-10 16:00:00
500258,1068,-25875,GBP,card_purchase,2025-09-17 13:22:00,Boots,5878,2026-08-10 18:00:00
500259,1046,-19643,EUR,direct_debit,2025-12-19 04:49:00,Boots,7828,2026-08-10 22:00:00
500260,1087,-7814,GBP,card_purchase,2026-06-03 13:53:00,Shell,6940,2026-08-10 21:00:00
500261,1066,-25296,USD,card_purchase,2026-01-24 10:22:00,Sainsburys,6171,2026-08-10 16:00:00
500262,1082,11503,GBP,transfer_in,2025-11-08 01:02:00,,,2026-08-10 21:00:00
500263,1063,-29706,GBP,card_purchase,2026-03-16 19:49:00,Boots,5630,2026-08-10 18:00:00
500264,1122,-25312,EUR,card_purchase,2026-08-06 08:52:00,Deliveroo,7481,2026-08-10 16:00:00
500265,1053,-29238,GBP,transfer_out,2025-08-25 08:34:00,,,2026-08-10 16:00:00
500266,1022,-14602,GBP,direct_debit,2026-06-29 05:59:00,Uber,5544,2026-08-10 19:00:00
500267,1029,-37220,USD,transfer_out,2025-11-08 14:50:00,,,2026-08-10 16:00:00
500268,1071,-35743,GBP,card_purchase,2025-11-22 20:24:00,Netflix,7631,2026-08-10 23:00:00
500269,1098,-28012,EUR,card_purchase,2025-08-07 09:26:00,Amazon UK,6424,2026-08-10 19:00:00
500270,1112,-5850,USD,card_purchase,2026-07-25 09:44:00,TfL,5891,2026-08-10 20:00:00
500271,1027,-40144,EUR,card_purchase,2025-07-29 05:16:00,John Lewis,7164,2026-08-10 21:00:00
500272,1079,-4040,USD,card_purchase,2026-05-31 17:08:00,Boots,6847,2026-08-10 19:00:00
500273,1077,19328,USD,refund,2025-11-08 18:40:00,Uber,7756,2026-08-10 19:00:00
500274,1122,-27124,EUR,card_purchase,2025-11-20 02:08:00,Tesco,6546,2026-08-10 21:00:00
500275,1090,-16373,GBP,transfer_out,2026-06-04 16:51:00,,,2026-08-10 17:00:00
500276,1063,-27296,GBP,card_purchase,2026-05-30 05:20:00,Sainsburys,7262,2026-08-10 22:00:00
500277,1082,-18383,GBP,card_purchase,2025-07-13 21:35:00,Spotify,6922,2026-08-10 16:00:00
500278,1122,-6254,EUR,card_purchase,2025-12-04 13:23:00,Spotify,7288,2026-08-10 18:00:00
500279,1109,-28307,GBP,card_purchase,2026-07-09 06:35:00,Pret A Manger,7437,2026-08-10 19:00:00
500280,1042,37252,GBP,transfer_in,2026-03-18 13:25:00,,,2026-08-10 16:00:00
500281,1101,-6675,EUR,card_purchase,2026-02-16 02:12:00,John Lewis,7293,2026-08-10 23:00:00
500282,1016,-28186,GBP,card_purchase,2026-05-22 09:31:00,Pret A Manger,5951,2026-08-10 19:00:00
500283,1021,-5551,EUR,card_purchase,2026-03-23 21:19:00,Netflix,6088,2026-08-10 23:00:00
500284,1051,-15494,GBP,transfer_out,2025-09-24 14:14:00,,,2026-08-10 17:00:00
500285,1084,-31398,GBP,card_purchase,2026-06-25 01:54:00,Amazon UK,5954,2026-08-10 20:00:00
500286,1067,-22666,GBP,card_purchase,2025-08-27 10:00:00,Amazon UK,7140,2026-08-10 21:00:00
500287,1062,-6862,USD,card_purchase,2026-07-05 16:36:00,Amazon UK,6694,2026-08-10 18:00:00
500288,1113,-8875,EUR,transfer_out,2026-03-10 19:36:00,,,2026-08-10 21:00:00
500289,1009,10905,GBP,transfer_in,2025-11-12 06:00:00,,,2026-08-10 16:00:00
500290,1045,-27131,GBP,transfer_out,2025-08-06 17:20:00,,,2026-08-10 16:00:00
500291,1111,-8221,GBP,card_purchase,2026-04-21 21:03:00,Boots,6983,2026-08-10 18:00:00
500292,1055,-5671,GBP,card_purchase,2026-03-02 19:45:00,Pret A Manger,7677,2026-08-10 19:00:00
500293,1100,-19918,EUR,direct_debit,2025-08-22 23:06:00,Pret A Manger,7531,2026-08-10 20:00:00
500294,1096,-15835,USD,card_purchase,2026-01-22 14:19:00,TfL,6991,2026-08-10 22:00:00
500295,1031,-940,GBP,card_purchase,2025-11-28 03:22:00,Netflix,6707,2026-08-10 21:00:00
500296,1050,-11472,EUR,card_purchase,2025-10-23 10:37:00,TfL,5709,2026-08-10 23:00:00
500297,1076,-4112,GBP,card_purchase,2026-07-07 23:44:00,Sainsburys,7486,2026-08-10 19:00:00
500298,1081,-26513,GBP,card_purchase,2025-08-11 07:11:00,Amazon UK,7608,2026-08-10 21:00:00
500299,1036,-13466,GBP,card_purchase,2026-06-29 14:55:00,Shell,7608,2026-08-10 18:00:00
500300,1051,-44783,GBP,direct_debit,2025-10-14 03:12:00,John Lewis,5681,2026-08-10 19:00:00
500301,1090,-16172,GBP,card_purchase,2025-12-30 00:06:00,Amazon UK,7190,2026-08-10 22:00:00
500302,1059,-43276,EUR,card_purchase,2025-10-01 04:57:00,Spotify,6130,2026-08-10 22:00:00
500303,1002,-32682,EUR,card_purchase,2025-08-13 19:16:00,Netflix,7553,2026-08-10 19:00:00
500304,1022,-17763,GBP,transfer_out,2026-02-01 19:13:00,,,2026-08-10 22:00:00
500305,1099,-34481,GBP,card_purchase,2026-07-26 13:09:00,Amazon UK,6488,2026-08-10 22:00:00
500306,1064,-37301,GBP,card_purchase,2025-12-20 07:37:00,Shell,6917,2026-08-10 21:00:00
500307,1033,7708,GBP,transfer_in,2025-07-11 20:03:00,,,2026-08-10 20:00:00
500308,1095,-955,USD,direct_debit,2025-11-23 23:58:00,Pret A Manger,5599,2026-08-10 16:00:00
500309,1047,-2467,EUR,direct_debit,2026-01-26 19:49:00,Deliveroo,7128,2026-08-10 20:00:00
500310,1042,-17927,GBP,transfer_out,2026-04-05 10:02:00,,,2026-08-10 22:00:00
500311,1074,-3601,EUR,transfer_out,2026-02-01 20:28:00,,,2026-08-10 21:00:00
500312,1029,-30630,USD,card_purchase,2025-11-19 22:35:00,Uber,6683,2026-08-10 18:00:00
500313,1012,-19259,GBP,card_purchase,2025-10-31 10:00:00,Boots,6655,2026-08-10 20:00:00
500314,1060,12957,GBP,refund,2026-02-03 05:29:00,Spotify,7649,2026-08-10 20:00:00
500315,1020,-22853,GBP,card_purchase,2026-08-07 10:59:00,John Lewis,5450,2026-08-10 18:00:00
500316,1001,-20303,EUR,direct_debit,2025-07-18 02:36:00,Amazon UK,6251,2026-08-10 20:00:00
500317,1054,-6246,EUR,transfer_out,2025-12-02 22:51:00,,,2026-08-10 23:00:00
500318,1118,-24561,USD,transfer_out,2026-04-14 07:34:00,,,2026-08-10 16:00:00
500319,1096,-41910,USD,card_purchase,2026-06-28 05:54:00,Sainsburys,5717,2026-08-10 23:00:00
500320,1056,-20794,GBP,card_purchase,2025-09-05 19:45:00,Sainsburys,6747,2026-08-10 18:00:00
500321,1058,-9070,GBP,direct_debit,2026-03-24 16:56:00,Boots,5857,2026-08-10 21:00:00
500322,1014,-8062,USD,card_purchase,2026-05-18 09:31:00,Deliveroo,6878,2026-08-10 20:00:00
500323,1058,-6075,GBP,direct_debit,2026-03-06 09:44:00,Shell,6657,2026-08-10 23:00:00
500324,1028,-23463,EUR,transfer_out,2026-02-24 19:55:00,,,2026-08-10 17:00:00
500325,1066,-11544,USD,card_purchase,2026-07-16 02:41:00,Tesco,7067,2026-08-10 16:00:00
500326,1072,-6828,EUR,card_purchase,2025-07-23 06:45:00,Shell,5908,2026-08-10 23:00:00
500327,1008,-26402,EUR,card_purchase,2025-07-07 16:52:00,Netflix,7992,2026-08-10 22:00:00
500328,1075,-1578,GBP,direct_debit,2025-10-14 15:02:00,Amazon UK,6220,2026-08-10 16:00:00
500329,1104,-21878,EUR,direct_debit,2026-06-06 21:03:00,Amazon UK,5585,2026-08-10 16:00:00
500330,1007,-26036,EUR,direct_debit,2026-05-16 05:33:00,TfL,5531,2026-08-10 17:00:00
500331,1088,-12415,GBP,card_purchase,2026-01-04 18:38:00,Uber,6557,2026-08-10 16:00:00
500332,1114,16257,USD,transfer_in,2026-05-26 22:21:00,,,2026-08-10 19:00:00
500333,1064,-18485,GBP,card_purchase,2026-01-12 06:30:00,Sainsburys,5973,2026-08-10 17:00:00
500334,1026,35779,GBP,transfer_in,2025-09-15 07:45:00,,,2026-08-10 23:00:00
500335,1049,-31913,USD,card_purchase,2025-07-06 01:38:00,Netflix,7727,2026-08-10 18:00:00
500336,1050,-14503,EUR,card_purchase,2026-03-25 18:59:00,Tesco,6561,2026-08-10 23:00:00
500337,1104,-15404,EUR,transfer_out,2025-12-12 07:38:00,,,2026-08-10 21:00:00
500338,1013,-3814,USD,card_purchase,2026-04-06 02:45:00,Pret A Manger,7769,2026-08-10 17:00:00
500339,1046,23663,EUR,transfer_in,2026-05-14 18:45:00,,,2026-08-10 23:00:00
500340,1091,37053,GBP,transfer_in,2025-08-17 12:24:00,,,2026-08-10 20:00:00
500341,1108,-2637,USD,card_purchase,2025-12-01 06:41:00,Amazon UK,5641,2026-08-10 20:00:00
500342,1078,-21890,EUR,card_purchase,2026-04-20 23:27:00,Boots,6236,2026-08-10 21:00:00
500343,1044,-21356,GBP,direct_debit,2025-08-08 18:02:00,Tesco,5500,2026-08-10 21:00:00
500344,1076,-34641,GBP,card_purchase,2025-08-15 19:11:00,Netflix,5708,2026-08-10 18:00:00
500345,1091,-19926,GBP,card_purchase,2025-09-05 11:23:00,Netflix,5969,2026-08-10 21:00:00
500346,1094,11566,GBP,transfer_in,2025-12-30 03:29:00,,,2026-08-10 18:00:00
500347,1029,-20257,USD,card_purchase,2025-09-04 05:08:00,Spotify,6617,2026-08-10 21:00:00
500348,1023,-25813,USD,direct_debit,2025-08-02 23:16:00,Boots,5543,2026-08-10 21:00:00
500349,1078,6972,EUR,transfer_in,2026-03-01 04:46:00,,,2026-08-10 16:00:00
500350,1019,-21089,GBP,card_purchase,2026-02-22 00:56:00,Shell,5774,2026-08-10 18:00:00
500351,1058,-4592,GBP,card_purchase,2026-08-05 15:47:00,Netflix,6462,2026-08-10 22:00:00
500352,1093,-27652,USD,card_purchase,2026-08-10 22:36:00,Shell,7106,2026-08-10 16:00:00
500353,1113,-31573,EUR,card_purchase,2026-01-29 12:26:00,Boots,6334,2026-08-10 21:00:00
500354,1058,-17263,GBP,card_purchase,2026-07-04 22:42:00,Amazon UK,5714,2026-08-10 18:00:00
500355,1022,-6251,GBP,card_purchase,2026-01-30 18:14:00,Netflix,7844,2026-08-10 16:00:00
500356,1091,-28605,GBP,card_purchase,2026-07-26 10:19:00,Shell,5630,2026-08-10 22:00:00
500357,1043,-35547,GBP,transfer_out,2026-04-27 17:34:00,,,2026-08-10 19:00:00
500358,1085,-25899,GBP,card_purchase,2026-03-19 14:45:00,Boots,7662,2026-08-10 16:00:00
500359,1020,-19453,GBP,card_purchase,2026-07-14 13:00:00,John Lewis,7971,2026-08-10 16:00:00
500360,1026,-19274,GBP,card_purchase,2026-06-22 23:47:00,Amazon UK,7350,2026-08-10 22:00:00
500361,1040,-17517,GBP,direct_debit,2026-01-19 08:29:00,Amazon UK,7639,2026-08-10 17:00:00
500362,1024,-3074,GBP,card_purchase,2026-02-02 11:37:00,Uber,7212,2026-08-10 16:00:00
500363,1034,-43893,GBP,card_purchase,2026-04-17 15:24:00,Amazon UK,5762,2026-08-10 18:00:00
500364,1104,36430,EUR,transfer_in,2025-11-06 10:12:00,,,2026-08-10 23:00:00
500365,1108,31268,USD,refund,2026-01-24 07:34:00,Boots,6376,2026-08-10 16:00:00
500366,1039,-2425,GBP,direct_debit,2026-07-01 11:03:00,Deliveroo,7750,2026-08-10 21:00:00
500367,1016,-11105,GBP,direct_debit,2025-07-19 09:49:00,Pret A Manger,6200,2026-08-10 21:00:00
500368,1006,-41255,GBP,card_purchase,2026-01-06 21:17:00,Shell,7848,2026-08-10 19:00:00
500369,1041,-26191,USD,card_purchase,2025-08-03 21:55:00,Deliveroo,6746,2026-08-10 19:00:00
500370,1067,-38657,GBP,transfer_out,2025-12-19 23:10:00,,,2026-08-10 17:00:00
500371,1015,38336,EUR,transfer_in,2026-01-10 19:51:00,,,2026-08-10 22:00:00
500372,1119,-18899,USD,card_purchase,2026-06-17 05:11:00,Deliveroo,6819,2026-08-10 17:00:00
500373,1034,31151,GBP,transfer_in,2026-01-26 03:29:00,,,2026-08-10 23:00:00
500374,1023,44767,USD,transfer_in,2026-03-22 11:51:00,,,2026-08-10 17:00:00
500375,1005,-31293,GBP,card_purchase,2026-01-20 13:16:00,Uber,6936,2026-08-10 23:00:00
500376,1044,-6586,GBP,direct_debit,2026-03-08 14:43:00,Pret A Manger,5961,2026-08-10 19:00:00
500377,1096,-39797,USD,transfer_out,2025-12-27 13:43:00,,,2026-08-10 22:00:00
500378,1025,-31899,EUR,direct_debit,2025-12-27 17:02:00,Deliveroo,6942,2026-08-10 23:00:00
500379,1066,-26586,USD,transfer_out,2026-05-21 21:41:00,,,2026-08-10 21:00:00
500380,1100,-13304,EUR,card_purchase,2025-11-15 05:59:00,Tesco,6432,2026-08-10 23:00:00
500381,1059,-24290,EUR,card_purchase,2026-07-16 12:15:00,TfL,7479,2026-08-10 17:00:00
500382,1082,-32183,GBP,card_purchase,2026-06-08 02:59:00,Boots,7238,2026-08-10 21:00:00
500383,1123,-10866,GBP,card_purchase,2025-12-11 05:25:00,Uber,5781,2026-08-10 19:00:00
500384,1004,-14195,GBP,direct_debit,2026-01-25 22:50:00,Pret A Manger,6333,2026-08-10 20:00:00
500385,1035,-44858,GBP,card_purchase,2025-09-11 10:28:00,Tesco,7352,2026-08-10 21:00:00
500386,1083,-16690,USD,card_purchase,2026-05-14 04:09:00,Boots,6662,2026-08-10 19:00:00
500387,1055,-30735,GBP,card_purchase,2026-01-30 12:31:00,Uber,7543,2026-08-10 17:00:00
500388,1075,24675,GBP,refund,2026-06-19 23:28:00,Deliveroo,7843,2026-08-10 19:00:00
500389,1039,-18269,GBP,card_purchase,2025-08-25 20:30:00,John Lewis,6742,2026-08-10 19:00:00
500390,1034,12494,GBP,transfer_in,2025-09-09 01:03:00,,,2026-08-10 21:00:00
500391,1067,-39473,GBP,card_purchase,2025-07-15 16:03:00,Sainsburys,6720,2026-08-10 21:00:00
500392,1093,17151,USD,refund,2026-07-28 03:29:00,Sainsburys,7068,2026-08-10 17:00:00
500393,1095,12596,USD,refund,2026-07-23 05:15:00,Netflix,6321,2026-08-10 16:00:00
500394,1117,-11290,GBP,card_purchase,2025-09-01 12:28:00,John Lewis,7697,2026-08-10 21:00:00
500395,1038,-36786,USD,transfer_out,2026-06-22 08:52:00,,,2026-08-10 21:00:00
500396,1122,-23433,EUR,card_purchase,2025-08-27 13:19:00,Pret A Manger,6668,2026-08-10 17:00:00
500397,1101,30543,EUR,transfer_in,2026-02-22 12:44:00,,,2026-08-10 22:00:00
500398,1061,40825,USD,transfer_in,2026-07-14 03:23:00,,,2026-08-10 22:00:00
500399,1061,-25163,USD,direct_debit,2026-05-03 07:53:00,Deliveroo,6633,2026-08-10 17:00:00
500400,1007,-37466,EUR,card_purchase,2026-05-25 19:48:00,TfL,5997,2026-08-10 18:00:00
500401,1111,-21949,GBP,card_purchase,2025-08-09 18:11:00,John Lewis,6135,2026-08-10 18:00:00
500402,1082,-11199,GBP,card_purchase,2026-07-12 23:32:00,Boots,6059,2026-08-10 16:00:00
500403,1101,41666,EUR,transfer_in,2025-07-16 21:52:00,,,2026-08-10 17:00:00
500404,1052,-35131,EUR,card_purchase,2026-01-03 08:36:00,Pret A Manger,6939,2026-08-10 23:00:00
500405,1115,-420,USD,card_purchase,2026-02-27 07:48:00,John Lewis,6430,2026-08-10 20:00:00
500406,1089,-33136,USD,card_purchase,2026-02-15 14:52:00,Boots,6664,2026-08-10 21:00:00
500407,1009,-34247,GBP,card_purchase,2026-07-18 14:42:00,Boots,7557,2026-08-10 18:00:00
500408,1056,32274,GBP,refund,2025-08-24 19:39:00,Netflix,6182,2026-08-10 21:00:00
500409,1122,-8748,EUR,card_purchase,2026-01-16 23:46:00,Pret A Manger,5500,2026-08-10 21:00:00
500410,1016,-24738,GBP,direct_debit,2026-02-04 01:19:00,John Lewis,6458,2026-08-10 23:00:00
500411,1077,1443,USD,transfer_in,2026-07-17 02:54:00,,,2026-08-10 23:00:00
500412,1089,-36016,USD,card_purchase,2026-06-12 10:32:00,Uber,7354,2026-08-10 21:00:00
500413,1027,-27732,EUR,card_purchase,2025-08-20 02:20:00,John Lewis,5824,2026-08-10 19:00:00
500414,1080,-7025,GBP,card_purchase,2025-10-04 01:52:00,Deliveroo,7941,2026-08-10 22:00:00
500415,1037,-13240,GBP,card_purchase,2026-06-13 20:29:00,Uber,7553,2026-08-10 20:00:00
500416,1046,-36072,EUR,card_purchase,2025-08-15 10:42:00,TfL,6261,2026-08-10 16:00:00
500417,1043,-7387,GBP,transfer_out,2026-04-13 00:00:00,,,2026-08-10 16:00:00
500418,1020,-6788,GBP,transfer_out,2026-06-25 07:56:00,,,2026-08-10 19:00:00
500419,1083,-3432,USD,card_purchase,2026-04-14 09:42:00,Amazon UK,6126,2026-08-10 23:00:00
500420,1110,-28068,EUR,transfer_out,2026-03-15 12:09:00,,,2026-08-10 22:00:00
500421,1013,-43623,USD,direct_debit,2025-07-18 23:00:00,John Lewis,6109,2026-08-10 18:00:00
500422,1046,-6241,EUR,direct_debit,2025-12-29 04:43:00,Netflix,6814,2026-08-10 21:00:00
500423,1015,-25428,EUR,card_purchase,2026-01-17 11:31:00,Spotify,7369,2026-08-10 17:00:00
500424,1084,-3993,GBP,transfer_out,2026-05-17 20:52:00,,,2026-08-10 21:00:00
500425,1014,-44609,USD,direct_debit,2026-01-09 05:30:00,TfL,6153,2026-08-10 17:00:00
500426,1100,-8712,EUR,direct_debit,2026-02-08 04:59:00,TfL,7410,2026-08-10 22:00:00
500427,1114,-43074,USD,card_purchase,2026-01-12 09:58:00,Netflix,5461,2026-08-10 20:00:00
500428,1123,-40666,GBP,card_purchase,2025-09-02 13:27:00,Amazon UK,7183,2026-08-10 20:00:00
500429,1062,9892,USD,transfer_in,2026-02-14 02:17:00,,,2026-08-10 23:00:00
500430,1002,-32645,EUR,direct_debit,2025-09-15 18:28:00,Shell,5717,2026-08-10 16:00:00
500431,1042,-14745,GBP,card_purchase,2026-04-09 13:43:00,Deliveroo,6961,2026-08-10 17:00:00
500432,1105,-37704,GBP,card_purchase,2026-04-12 21:31:00,TfL,5771,2026-08-10 16:00:00
500433,1058,-1314,GBP,transfer_out,2026-03-02 20:29:00,,,2026-08-10 22:00:00
500434,1052,-6106,EUR,card_purchase,2026-01-11 22:25:00,Boots,7946,2026-08-10 19:00:00
500435,1114,30048,USD,transfer_in,2025-11-23 06:47:00,,,2026-08-10 18:00:00
500436,1047,-36860,EUR,card_purchase,2026-07-14 16:06:00,Boots,7868,2026-08-10 16:00:00
500437,1092,-6535,GBP,card_purchase,2025-09-08 12:15:00,John Lewis,6319,2026-08-10 23:00:00
500438,1044,-34358,GBP,card_purchase,2026-02-10 03:09:00,Netflix,5846,2026-08-10 23:00:00
500439,1115,-26968,USD,direct_debit,2026-05-18 08:52:00,Amazon UK,6452,2026-08-10 20:00:00
500440,1025,-12639,EUR,card_purchase,2026-06-10 11:47:00,Spotify,6795,2026-08-10 22:00:00
500441,1097,44199,USD,transfer_in,2026-01-10 22:01:00,,,2026-08-10 22:00:00
500442,1099,33193,GBP,transfer_in,2025-12-23 09:18:00,,,2026-08-10 21:00:00
500443,1064,-28514,GBP,card_purchase,2026-08-08 07:13:00,Boots,7389,2026-08-10 21:00:00
500444,1089,-6936,USD,direct_debit,2025-10-18 18:14:00,Sainsburys,7870,2026-08-10 18:00:00
500445,1065,-16418,GBP,direct_debit,2026-01-26 10:22:00,Uber,7040,2026-08-10 18:00:00
500446,1038,-33723,USD,card_purchase,2025-12-22 19:52:00,Uber,7654,2026-08-10 18:00:00
500447,1092,-13893,GBP,card_purchase,2025-07-29 06:20:00,Boots,6601,2026-08-10 18:00:00
500448,1118,11803,USD,transfer_in,2025-08-31 19:15:00,,,2026-08-10 18:00:00
500449,1091,-37547,GBP,card_purchase,2026-06-12 12:25:00,John Lewis,7120,2026-08-10 19:00:00
500450,1113,-25110,EUR,card_purchase,2026-01-06 23:27:00,Shell,5628,2026-08-10 23:00:00
500451,1026,-9746,GBP,transfer_out,2026-03-27 18:42:00,,,2026-08-10 23:00:00
500452,1089,-23656,USD,card_purchase,2026-03-12 17:12:00,TfL,5830,2026-08-10 20:00:00
500453,1096,-19000,USD,card_purchase,2025-09-13 06:36:00,Spotify,5603,2026-08-10 17:00:00
500454,1050,3675,EUR,refund,2026-01-09 02:40:00,Tesco,6440,2026-08-10 20:00:00
500455,1080,-41685,GBP,card_purchase,2025-07-07 09:07:00,Spotify,6917,2026-08-10 20:00:00
500456,1100,-44888,EUR,card_purchase,2025-08-04 17:42:00,Amazon UK,6176,2026-08-10 21:00:00
500457,1095,-18441,USD,card_purchase,2025-11-20 20:36:00,Deliveroo,6493,2026-08-10 21:00:00
500458,1021,-10295,EUR,card_purchase,2025-10-15 16:00:00,Tesco,6040,2026-08-10 18:00:00
500459,1077,-19886,USD,direct_debit,2026-07-15 03:21:00,TfL,7756,2026-08-10 18:00:00
500460,1010,-12200,GBP,card_purchase,2025-08-13 13:27:00,Deliveroo,5690,2026-08-10 21:00:00
500461,1054,-14646,EUR,card_purchase,2025-11-05 06:35:00,Pret A Manger,6770,2026-08-10 18:00:00
500462,1047,31270,EUR,transfer_in,2026-03-13 17:12:00,,,2026-08-10 23:00:00
500463,1015,-42241,EUR,card_purchase,2025-09-02 12:32:00,Boots,7955,2026-08-10 20:00:00
500464,1123,-7580,GBP,card_purchase,2026-07-21 02:04:00,Sainsburys,6461,2026-08-10 19:00:00
500465,1004,-29350,GBP,direct_debit,2025-11-19 12:28:00,TfL,5590,2026-08-10 19:00:00
500466,1115,-6438,USD,card_purchase,2025-09-11 17:40:00,Shell,7614,2026-08-10 23:00:00
500467,1081,14120,GBP,transfer_in,2026-07-08 17:18:00,,,2026-08-10 17:00:00
500468,1107,-28673,EUR,direct_debit,2026-06-18 17:26:00,John Lewis,5706,2026-08-10 21:00:00
500469,1004,-4950,GBP,card_purchase,2025-12-18 01:39:00,Tesco,6140,2026-08-10 19:00:00
500470,1072,-17100,EUR,card_purchase,2026-07-05 05:08:00,Sainsburys,7000,2026-08-10 16:00:00
500471,1081,-44275,GBP,card_purchase,2026-01-15 10:40:00,Amazon UK,7601,2026-08-10 23:00:00
500472,1083,-38528,USD,transfer_out,2025-08-07 04:56:00,,,2026-08-10 23:00:00
500473,1090,-19144,GBP,card_purchase,2026-07-04 12:01:00,John Lewis,6645,2026-08-10 22:00:00
500474,1037,-43451,GBP,card_purchase,2025-07-15 09:36:00,Tesco,7352,2026-08-10 21:00:00
500475,1069,-35914,GBP,card_purchase,2026-04-20 19:13:00,Uber,6001,2026-08-10 19:00:00
500476,1087,880,GBP,refund,2025-08-02 03:37:00,Deliveroo,7684,2026-08-10 21:00:00
500477,1016,35352,GBP,transfer_in,2026-07-20 23:24:00,,,2026-08-10 22:00:00
500478,1040,-22684,GBP,direct_debit,2026-04-25 00:13:00,Pret A Manger,7101,2026-08-10 21:00:00
500479,1021,-12885,EUR,direct_debit,2026-05-08 16:21:00,Amazon UK,6153,2026-08-10 23:00:00
500480,1109,4943,GBP,transfer_in,2025-07-22 06:31:00,,,2026-08-10 19:00:00
500481,1086,-38199,GBP,card_purchase,2026-07-07 15:54:00,TfL,6766,2026-08-10 18:00:00
500482,1017,-40750,EUR,card_purchase,2025-09-01 03:45:00,Amazon UK,6203,2026-08-10 18:00:00
500483,1063,38434,GBP,transfer_in,2025-12-23 13:21:00,,,2026-08-10 21:00:00
500484,1073,-28219,GBP,card_purchase,2025-10-24 12:09:00,Shell,5430,2026-08-10 18:00:00
500485,1032,18282,GBP,transfer_in,2026-04-19 01:13:00,,,2026-08-10 18:00:00
500486,1018,-30483,GBP,direct_debit,2025-08-28 00:39:00,TfL,6880,2026-08-10 19:00:00
500487,1063,5522,GBP,transfer_in,2025-11-01 20:49:00,,,2026-08-10 19:00:00
500488,1110,-41216,EUR,card_purchase,2026-05-31 06:48:00,Amazon UK,5719,2026-08-10 23:00:00
500489,1109,-38088,GBP,direct_debit,2025-11-24 03:59:00,Sainsburys,7827,2026-08-10 20:00:00
500490,1117,-35518,GBP,card_purchase,2026-07-23 06:44:00,TfL,6019,2026-08-10 18:00:00
500491,1051,-8924,GBP,direct_debit,2026-04-18 05:14:00,TfL,7463,2026-08-10 22:00:00
500492,1051,40391,GBP,transfer_in,2026-02-05 08:00:00,,,2026-08-10 21:00:00
500493,1097,-37266,USD,card_purchase,2025-11-20 19:32:00,Boots,6009,2026-08-10 16:00:00
500494,1121,-15337,GBP,transfer_out,2026-02-08 22:46:00,,,2026-08-10 22:00:00
500495,1034,34090,GBP,transfer_in,2026-02-02 16:58:00,,,2026-08-10 18:00:00
500496,1050,-42651,EUR,card_purchase,2025-12-13 09:04:00,Netflix,5833,2026-08-10 19:00:00
500497,1107,-11543,EUR,card_purchase,2025-07-27 15:23:00,Sainsburys,6961,2026-08-10 18:00:00
500498,1076,-14757,GBP,card_purchase,2025-09-10 21:27:00,Deliveroo,7073,2026-08-10 18:00:00
500499,1105,-39747,GBP,card_purchase,2026-02-15 08:10:00,Tesco,7466,2026-08-10 21:00:00
500500,1057,-18553,GBP,card_purchase,2026-05-18 16:56:00,Pret A Manger,6026,2026-08-10 21:00:00
500501,1021,-43476,EUR,direct_debit,2026-02-06 04:15:00,Pret A Manger,7109,2026-08-10 18:00:00
500502,1093,-13958,USD,card_purchase,2026-06-13 08:17:00,Boots,6071,2026-08-10 17:00:00
500503,1003,10709,GBP,transfer_in,2026-04-08 22:52:00,,,2026-08-10 21:00:00
500504,1081,3814,GBP,transfer_in,2025-11-21 22:03:00,,,2026-08-10 21:00:00
500505,1034,37086,GBP,transfer_in,2026-05-10 07:35:00,,,2026-08-10 23:00:00
500506,1113,-5769,EUR,direct_debit,2025-08-07 00:18:00,Pret A Manger,7250,2026-08-10 16:00:00
500507,1112,-39526,USD,direct_debit,2025-12-07 18:46:00,Shell,7797,2026-08-10 21:00:00
500508,1080,-22607,GBP,card_purchase,2025-09-07 07:44:00,TfL,7854,2026-08-10 22:00:00
500509,1030,-13411,EUR,card_purchase,2026-01-29 11:52:00,Deliveroo,7476,2026-08-10 17:00:00
500510,1106,-40438,GBP,card_purchase,2026-05-26 04:54:00,Boots,5570,2026-08-10 22:00:00
500511,1012,-35492,GBP,direct_debit,2025-12-07 02:52:00,Tesco,7178,2026-08-10 17:00:00
500512,1048,-31746,GBP,card_purchase,2026-07-19 01:27:00,Sainsburys,6846,2026-08-10 22:00:00
500513,1055,-5643,GBP,transfer_out,2026-06-03 15:30:00,,,2026-08-10 19:00:00
500514,1077,-616,USD,card_purchase,2025-11-05 10:44:00,Boots,7551,2026-08-10 22:00:00
500515,1067,-20852,GBP,card_purchase,2026-08-07 11:19:00,Sainsburys,6894,2026-08-10 22:00:00
500516,1020,-35284,GBP,card_purchase,2026-01-04 03:23:00,Sainsburys,7723,2026-08-10 18:00:00
500517,1079,-27231,USD,transfer_out,2026-03-22 02:35:00,,,2026-08-10 16:00:00
500518,1023,-20246,USD,card_purchase,2026-02-02 06:25:00,Boots,6821,2026-08-10 17:00:00
500519,1095,-29418,USD,transfer_out,2026-06-01 02:53:00,,,2026-08-10 21:00:00
500520,1013,-36232,USD,transfer_out,2026-04-23 07:35:00,,,2026-08-10 23:00:00
500521,1021,-9674,EUR,direct_debit,2026-01-23 04:00:00,TfL,7869,2026-08-10 17:00:00
500522,1012,-40063,GBP,card_purchase,2026-07-09 15:46:00,Tesco,6985,2026-08-10 17:00:00
500523,1079,-39305,USD,transfer_out,2025-09-09 07:42:00,,,2026-08-10 23:00:00
500524,1122,-851,EUR,card_purchase,2025-07-10 18:20:00,Pret A Manger,7533,2026-08-10 19:00:00
500525,1025,-15332,EUR,card_purchase,2026-07-24 04:28:00,Boots,6105,2026-08-10 23:00:00
500526,1047,5841,EUR,refund,2026-04-10 04:00:00,Uber,7047,2026-08-10 18:00:00
500527,1086,-1157,GBP,card_purchase,2026-01-20 11:23:00,Spotify,5692,2026-08-10 22:00:00
500528,1071,38353,GBP,transfer_in,2026-03-18 00:07:00,,,2026-08-10 18:00:00
500529,1045,29953,GBP,refund,2026-03-22 16:22:00,Sainsburys,7765,2026-08-10 23:00:00
500530,1034,-4893,GBP,card_purchase,2026-05-13 10:28:00,Deliveroo,6616,2026-08-10 18:00:00
500531,1122,-37826,EUR,direct_debit,2026-06-12 07:44:00,Uber,7224,2026-08-10 17:00:00
500532,1073,-30221,GBP,card_purchase,2025-12-06 16:12:00,John Lewis,7298,2026-08-10 23:00:00
500533,1062,-14592,USD,card_purchase,2026-06-12 15:56:00,John Lewis,6352,2026-08-10 18:00:00
500534,1053,-17408,GBP,card_purchase,2026-02-11 07:26:00,Pret A Manger,6587,2026-08-10 22:00:00
500535,1052,-36493,EUR,card_purchase,2025-08-31 00:08:00,Shell,7362,2026-08-10 18:00:00
500536,1046,-44918,EUR,card_purchase,2026-04-21 05:43:00,Pret A Manger,7454,2026-08-10 20:00:00
500537,1031,-15171,GBP,card_purchase,2025-07-30 16:05:00,Pret A Manger,6433,2026-08-10 18:00:00
500538,1020,-44440,GBP,direct_debit,2025-07-08 20:53:00,John Lewis,7428,2026-08-10 23:00:00
500539,1098,-40826,EUR,card_purchase,2025-11-06 22:06:00,Netflix,7427,2026-08-10 19:00:00
500540,1063,-37942,GBP,card_purchase,2026-05-09 07:43:00,Shell,5632,2026-08-10 17:00:00
500541,1062,-11605,USD,card_purchase,2025-11-07 22:28:00,TfL,5904,2026-08-10 16:00:00
500542,1041,-25016,USD,transfer_out,2025-08-24 00:00:00,,,2026-08-10 22:00:00
500543,1042,-36100,GBP,card_purchase,2026-02-06 04:05:00,Uber,6382,2026-08-10 19:00:00
500544,1061,-27933,USD,card_purchase,2025-10-01 13:37:00,Pret A Manger,7127,2026-08-10 18:00:00
500545,1047,-8744,EUR,card_purchase,2026-01-17 15:32:00,Boots,6347,2026-08-10 22:00:00
500546,1093,-25111,USD,card_purchase,2026-03-25 16:25:00,Pret A Manger,6008,2026-08-10 21:00:00
500547,1061,-41480,USD,card_purchase,2026-08-06 18:34:00,Deliveroo,7598,2026-08-10 18:00:00
500548,1101,37363,EUR,transfer_in,2025-12-04 14:44:00,,,2026-08-10 23:00:00
500549,1051,-16815,GBP,card_purchase,2026-06-21 01:50:00,TfL,7990,2026-08-10 22:00:00
500550,1058,-36873,GBP,card_purchase,2025-07-25 13:44:00,Deliveroo,6466,2026-08-10 18:00:00
500551,1003,-39837,GBP,direct_debit,2026-01-12 20:38:00,Pret A Manger,7773,2026-08-10 21:00:00
500552,1100,-32098,EUR,transfer_out,2026-03-18 12:40:00,,,2026-08-10 16:00:00
500553,1114,-41549,USD,card_purchase,2026-07-01 11:21:00,Shell,6097,2026-08-10 18:00:00
500554,1054,-4825,EUR,card_purchase,2025-09-21 04:24:00,Amazon UK,6074,2026-08-10 18:00:00
500555,1030,-17679,EUR,card_purchase,2026-03-03 13:19:00,Boots,7030,2026-08-10 19:00:00
500556,1114,29660,USD,transfer_in,2025-12-26 12:13:00,,,2026-08-10 17:00:00
500557,1022,-43536,GBP,transfer_out,2026-05-08 23:52:00,,,2026-08-10 19:00:00
500558,1121,-11088,GBP,card_purchase,2025-07-26 01:13:00,Sainsburys,5832,2026-08-10 22:00:00
500559,1009,-26168,GBP,card_purchase,2025-12-11 06:57:00,Deliveroo,5751,2026-08-10 22:00:00
500560,1034,25698,GBP,transfer_in,2025-09-28 19:55:00,,,2026-08-10 19:00:00
500561,1030,-8434,EUR,card_purchase,2026-04-06 00:42:00,Shell,7568,2026-08-10 21:00:00
500562,1004,-21462,GBP,direct_debit,2026-07-24 02:38:00,TfL,7324,2026-08-10 19:00:00
500563,1071,-38870,GBP,card_purchase,2025-12-26 19:16:00,Boots,7281,2026-08-10 17:00:00
500564,1068,-22902,GBP,card_purchase,2025-09-17 03:26:00,TfL,7621,2026-08-10 20:00:00
500565,1104,-17176,EUR,card_purchase,2026-06-26 09:41:00,Shell,6654,2026-08-10 23:00:00
500566,1001,-35218,EUR,card_purchase,2025-11-16 19:38:00,Tesco,7425,2026-08-10 16:00:00
500567,1039,-15302,GBP,card_purchase,2026-08-06 10:09:00,Tesco,7656,2026-08-10 18:00:00
500568,1025,-10850,EUR,card_purchase,2026-01-12 06:33:00,Spotify,7007,2026-08-10 17:00:00
500569,1029,34006,USD,transfer_in,2026-03-29 21:33:00,,,2026-08-10 19:00:00
500570,1037,-27210,GBP,direct_debit,2025-09-12 00:26:00,Pret A Manger,5691,2026-08-10 21:00:00
500571,1018,-29822,GBP,card_purchase,2026-03-15 20:20:00,Uber,7961,2026-08-10 16:00:00
500572,1025,-35209,EUR,card_purchase,2026-02-27 23:51:00,Tesco,6172,2026-08-10 22:00:00
500573,1037,-687,GBP,card_purchase,2026-03-26 19:15:00,Pret A Manger,5780,2026-08-10 21:00:00
500574,1002,-32812,EUR,card_purchase,2025-12-01 17:39:00,Netflix,7310,2026-08-10 23:00:00
500575,1043,-25867,GBP,card_purchase,2026-06-30 19:57:00,Amazon UK,7635,2026-08-10 16:00:00
500576,1024,-976,GBP,card_purchase,2026-05-04 15:08:00,Amazon UK,6430,2026-08-10 17:00:00
500577,1099,13203,GBP,refund,2025-12-27 16:13:00,TfL,5795,2026-08-10 20:00:00
500578,1061,-10544,USD,direct_debit,2026-01-23 02:41:00,John Lewis,5583,2026-08-10 22:00:00
500579,1033,-3563,GBP,card_purchase,2025-12-07 03:41:00,John Lewis,6303,2026-08-10 22:00:00
500580,1031,-18244,GBP,card_purchase,2025-09-20 10:40:00,Boots,5901,2026-08-10 17:00:00
500581,1102,31297,GBP,transfer_in,2026-04-08 23:58:00,,,2026-08-10 21:00:00
500582,1048,-6140,GBP,card_purchase,2025-07-12 21:45:00,John Lewis,7944,2026-08-10 18:00:00
500583,1120,-42392,USD,card_purchase,2025-07-18 03:57:00,Shell,7607,2026-08-10 22:00:00
500584,1017,42397,EUR,refund,2025-12-04 16:40:00,Netflix,7207,2026-08-10 20:00:00
500585,1003,-16579,GBP,transfer_out,2025-08-23 11:38:00,,,2026-08-10 23:00:00
500586,1063,-32268,GBP,card_purchase,2025-08-14 09:25:00,Pret A Manger,7732,2026-08-10 21:00:00
500587,1070,-39385,GBP,card_purchase,2026-02-13 13:14:00,Deliveroo,6067,2026-08-10 22:00:00
500588,1068,-35644,GBP,direct_debit,2026-05-23 09:42:00,Netflix,7270,2026-08-10 23:00:00
500589,1100,-1376,EUR,transfer_out,2025-09-18 07:36:00,,,2026-08-10 18:00:00
500590,1100,-43291,EUR,transfer_out,2025-09-27 16:40:00,,,2026-08-10 17:00:00
500591,1025,-10251,EUR,transfer_out,2025-11-15 02:29:00,,,2026-08-10 19:00:00
500592,1042,-34438,GBP,card_purchase,2026-01-13 03:40:00,John Lewis,5684,2026-08-10 23:00:00
500593,1107,-7165,EUR,card_purchase,2026-06-05 18:05:00,TfL,6195,2026-08-10 22:00:00
500594,1005,-32256,GBP,card_purchase,2025-10-22 03:07:00,Deliveroo,7966,2026-08-10 19:00:00
500595,1007,-1007,EUR,transfer_out,2026-02-04 16:22:00,,,2026-08-10 20:00:00
500596,1084,-4128,GBP,direct_debit,2025-12-02 21:31:00,Netflix,7696,2026-08-10 17:00:00
500597,1106,-17570,GBP,direct_debit,2026-02-03 01:57:00,Deliveroo,5577,2026-08-10 22:00:00
500598,1107,6514,EUR,refund,2026-03-08 21:47:00,Amazon UK,6357,2026-08-10 17:00:00
500599,1025,-41131,EUR,card_purchase,2026-05-04 07:18:00,Shell,7698,2026-08-10 17:00:00
500600,1096,-30212,USD,card_purchase,2026-06-17 03:24:00,Spotify,7160,2026-08-10 22:00:00
500011,1116,-4990,EUR,card_purchase,2025-12-15 14:17:00,TfL,6826,2026-08-10 19:00:00
